GHO (CODE),GHO (DISPLAY),GHO (URL),YEAR (DISPLAY),STARTYEAR,ENDYEAR,REGION (CODE),REGION (DISPLAY),COUNTRY (CODE),COUNTRY (DISPLAY),DIMENSION (TYPE),DIMENSION (CODE),DIMENSION (NAME),Numeric,Value,Low,High
MALARIA_PRES_CASES,Number of presumed malaria cases,https://www.who.int/data/gho/data/indicators/indicator-details/GHO/number-of-presumed-malaria-cases,2015,2015,2015,AFR,Africa,NGA,Nigeria,,,,8633678.0,8 633 678,,
MALARIA_CONF_CASES,Number of confirmed malaria cases,https://www.who.int/data/gho/data/indicators/indicator-details/GHO/number-confirmed-malaria-cases,2018,2018,2018,AFR,Africa,NGA,Nigeria,,,,14548024.0,14 548 024,,
MALARIA_EST_MORTALITY,Estimated malaria mortality rate (per 100 000 population),https://www.who.int/data/gho/data/indicators/indicator-details/GHO/estimated-malaria-mortality-rate-per-100-000-population,2000,2000,2000,AFR,Africa,NGA,Nigeria,,,,178.9915619,178.99 [168.99-189.44],168.9870118,189.4360464
MALARIA_EST_INCIDENCE,Estimated malaria incidence (per 1000 population at risk),https://www.who.int/data/gho/data/indicators/indicator-details/GHO/malaria-incidence-%28per-1-000-population-at-risk%29,2010,2010,2010,AFR,Africa,NGA,Nigeria,,,,363.3581836,363.36 [294.24-443.45],294.238556,443.4500325
MALARIA_RDT_POS,Number of malaria positive cases by rapid diagnostic test (RDT),https://www.who.int/data/gho/data/indicators/indicator-details/GHO/number-of-malaria-positive-cases-by-rapid-diagnostic-test-rdt,2024,2024,2024,AFR,Africa,NGA,Nigeria,,,,20565840.0,20 565 840,,
MALARIA_EST_MORTALITY,Estimated malaria mortality rate (per 100 000 population),https://www.who.int/data/gho/data/indicators/indicator-details/GHO/estimated-malaria-mortality-rate-per-100-000-population,2005,2005,2005,AFR,Africa,NGA,Nigeria,,,,144.6751994,144.68 [135.79-153.95],135.7879638,153.9492684
MALARIA_PRES_CASES,Number of presumed malaria cases,https://www.who.int/data/gho/data/indicators/indicator-details/GHO/number-of-presumed-malaria-cases,2020,2020,2020,AFR,Africa,NGA,Nigeria,,,,3254815.0,3 254 815,,
MALARIA_EST_MORTALITY,Estimated malaria mortality rate (per 100 000 population),https://www.who.int/data/gho/data/indicators/indicator-details/GHO/estimated-malaria-mortality-rate-per-100-000-population,2008,2008,2008,AFR,Africa,NGA,Nigeria,,,,140.1757545,140.18 [130.57-150.20],130.5656631,150.2014683
MALARIA_SUSPECTS,Number of suspected malaria cases,https://www.who.int/data/gho/data/indicators/indicator-details/GHO/number-of-suspected-malaria-cases,2021,2021,2021,AFR,Africa,NGA,Nigeria,,,,30202722.0,30 202 722,,
MALARIA_MICR_POS,Number of malaria positive cases by microscopy,https://www.who.int/data/gho/data/indicators/indicator-details/GHO/number-of-malaria-positive-cases-by-microscopy,2015,2015,2015,AFR,Africa,NGA,Nigeria,,,,556871.0,556 871,,
MALARIA_EST_INCIDENCE,Estimated malaria incidence (per 1000 population at risk),https://www.who.int/data/gho/data/indicators/indicator-details/GHO/malaria-incidence-%28per-1-000-population-at-risk%29,2023,2023,2023,AFR,Africa,NGA,Nigeria,,,,298.9976001,299.00 [215.62-406.20],215.6198428,406.1951295
MALARIA_EST_MORTALITY,Estimated malaria mortality rate (per 100 000 population),https://www.who.int/data/gho/data/indicators/indicator-details/GHO/estimated-malaria-mortality-rate-per-100-000-population,2022,2022,2022,AFR,Africa,NGA,Nigeria,,,,84.1099024,84.11 [62.99-117.06],62.9891155,117.063949
MALARIA_RDT_POS,Number of malaria positive cases by rapid diagnostic test (RDT),https://www.who.int/data/gho/data/indicators/indicator-details/GHO/number-of-malaria-positive-cases-by-rapid-diagnostic-test-rdt,2022,2022,2022,AFR,Africa,NGA,Nigeria,,,,20672565.0,20 672 565,,
MALARIA_PRES_CASES,Number of presumed malaria cases,https://www.who.int/data/gho/data/indicators/indicator-details/GHO/number-of-presumed-malaria-cases,2016,2016,2016,AFR,Africa,NGA,Nigeria,,,,10358387.0,10 358 387,,
MALARIA_SUSPECTS,Number of suspected malaria cases,https://www.who.int/data/gho/data/indicators/indicator-details/GHO/number-of-suspected-malaria-cases,2016,2016,2016,AFR,Africa,NGA,Nigeria,,,,29113322.0,29 113 322,,
MALARIA_EST_INCIDENCE,Estimated malaria incidence (per 1000 population at risk),https://www.who.int/data/gho/data/indicators/indicator-details/GHO/malaria-incidence-%28per-1-000-population-at-risk%29,2018,2018,2018,AFR,Africa,NGA,Nigeria,,,,291.073537,291.07 [228.98-367.07],228.9833585,367.0693166
MALARIA_EST_MORTALITY,Estimated malaria mortality rate (per 100 000 population),https://www.who.int/data/gho/data/indicators/indicator-details/GHO/estimated-malaria-mortality-rate-per-100-000-population,2023,2023,2023,AFR,Africa,NGA,Nigeria,,,,81.04555609,81.05 [59.32-116.01],59.32068545,116.0078807
MALARIA_MICR_POS,Number of malaria positive cases by microscopy,https://www.who.int/data/gho/data/indicators/indicator-details/GHO/number-of-malaria-positive-cases-by-microscopy,2022,2022,2022,AFR,Africa,NGA,Nigeria,,,,2377840.0,2 377 840,,
MALARIA_EST_INCIDENCE,Estimated malaria incidence (per 1000 population at risk),https://www.who.int/data/gho/data/indicators/indicator-details/GHO/malaria-incidence-%28per-1-000-population-at-risk%29,2020,2020,2020,AFR,Africa,NGA,Nigeria,,,,304.3687915,304.37 [218.69-414.28],218.6892779,414.2790151
MALARIA_EST_MORTALITY,Estimated malaria mortality rate (per 100 000 population),https://www.who.int/data/gho/data/indicators/indicator-details/GHO/estimated-malaria-mortality-rate-per-100-000-population,2007,2007,2007,AFR,Africa,NGA,Nigeria,,,,151.1457819,151.15 [141.20-161.52],141.2029866,161.5191975
MALARIA_PF_INDIG,Number of indigenous P. falciparum malaria cases,https://www.who.int/data/gho/data/indicators/indicator-details/GHO/number-of-indigenous-p.-falciparum-malaria-cases,2017,2017,2017,AFR,Africa,NGA,Nigeria,,,,13087878.0,13 087 878,,
MALARIA_PRES_CASES,Number of presumed malaria cases,https://www.who.int/data/gho/data/indicators/indicator-details/GHO/number-of-presumed-malaria-cases,2023,2023,2023,AFR,Africa,NGA,Nigeria,,,,2313036.0,2 313 036,,
MALARIA_SUSPECTS,Number of suspected malaria cases,https://www.who.int/data/gho/data/indicators/indicator-details/GHO/number-of-suspected-malaria-cases,2022,2022,2022,AFR,Africa,NGA,Nigeria,,,,32983459.0,32 983 459,,
MALARIA_INDIG,Number of indigenous malaria cases,https://www.who.int/data/gho/data/indicators/indicator-details/GHO/number-of-indigenous-malaria-cases,2023,2023,2023,AFR,Africa,NGA,Nigeria,,,,24098323.0,24 098 323,,
MALARIA_EST_INCIDENCE,Estimated malaria incidence (per 1000 population at risk),https://www.who.int/data/gho/data/indicators/indicator-details/GHO/malaria-incidence-%28per-1-000-population-at-risk%29,2009,2009,2009,AFR,Africa,NGA,Nigeria,,,,389.9603704,389.96 [319.67-471.62],319.6747391,471.6200167
MALARIA_PF_INDIG,Number of indigenous P. falciparum malaria cases,https://www.who.int/data/gho/data/indicators/indicator-details/GHO/number-of-indigenous-p.-falciparum-malaria-cases,2023,2023,2023,AFR,Africa,NGA,Nigeria,,,,24098323.0,24 098 323,,
MALARIA_CONF_CASES,Number of confirmed malaria cases,https://www.who.int/data/gho/data/indicators/indicator-details/GHO/number-confirmed-malaria-cases,2023,2023,2023,AFR,Africa,NGA,Nigeria,,,,24098323.0,24 098 323,,
MALARIA_SUSPECTS,Number of suspected malaria cases,https://www.who.int/data/gho/data/indicators/indicator-details/GHO/number-of-suspected-malaria-cases,2015,2015,2015,AFR,Africa,NGA,Nigeria,,,,20243915.0,20 243 915,,
MALARIA_MICR_POS,Number of malaria positive cases by microscopy,https://www.who.int/data/gho/data/indicators/indicator-details/GHO/number-of-malaria-positive-cases-by-microscopy,2024,2024,2024,AFR,Africa,NGA,Nigeria,,,,2117656.0,2 117 656,,
MALARIA_MICR_TEST,Number of malaria suspects examined by microscopy,https://www.who.int/data/gho/data/indicators/indicator-details/GHO/number-of-malaria-suspects-examined-by-microscopy,2016,2016,2016,AFR,Africa,NGA,Nigeria,,,,901141.0,901 141,,
MALARIA_EST_INCIDENCE,Estimated malaria incidence (per 1000 population at risk),https://www.who.int/data/gho/data/indicators/indicator-details/GHO/malaria-incidence-%28per-1-000-population-at-risk%29,2016,2016,2016,AFR,Africa,NGA,Nigeria,,,,284.8254203,284.83 [225.41-353.73],225.4107528,353.7300677
MALARIA_MICR_TEST,Number of malaria suspects examined by microscopy,https://www.who.int/data/gho/data/indicators/indicator-details/GHO/number-of-malaria-suspects-examined-by-microscopy,2022,2022,2022,AFR,Africa,NGA,Nigeria,,,,3186224.0,3 186 224,,
MALARIA_EST_INCIDENCE,Estimated malaria incidence (per 1000 population at risk),https://www.who.int/data/gho/data/indicators/indicator-details/GHO/malaria-incidence-%28per-1-000-population-at-risk%29,2011,2011,2011,AFR,Africa,NGA,Nigeria,,,,339.5066275,339.51 [273.76-416.18],273.7594721,416.1799168
MALARIA_SUSPECTS,Number of suspected malaria cases,https://www.who.int/data/gho/data/indicators/indicator-details/GHO/number-of-suspected-malaria-cases,2017,2017,2017,AFR,Africa,NGA,Nigeria,,,,25106551.0,25 106 551,,
MALARIA_EST_MORTALITY,Estimated malaria mortality rate (per 100 000 population),https://www.who.int/data/gho/data/indicators/indicator-details/GHO/estimated-malaria-mortality-rate-per-100-000-population,2002,2002,2002,AFR,Africa,NGA,Nigeria,,,,172.5215931,172.52 [162.53-182.92],162.531407,182.9163023
MALARIA_INDIG,Number of indigenous malaria cases,https://www.who.int/data/gho/data/indicators/indicator-details/GHO/number-of-indigenous-malaria-cases,2024,2024,2024,AFR,Africa,NGA,Nigeria,,,,22683496.0,22 683 496,,
MALARIA_EST_INCIDENCE,Estimated malaria incidence (per 1000 population at risk),https://www.who.int/data/gho/data/indicators/indicator-details/GHO/malaria-incidence-%28per-1-000-population-at-risk%29,2019,2019,2019,AFR,Africa,NGA,Nigeria,,,,292.9999532,293.00 [226.46-376.22],226.4616604,376.2231471
MALARIA_TOTAL_CASES,Total number of  malaria cases (presumed + confirmed cases),https://www.who.int/data/gho/data/indicators/indicator-details/GHO/total-number-of-malaria-cases-presumed-confirmed-cases,2015,2015,2015,AFR,Africa,NGA,Nigeria,,,,16702261.0,16 702 261,,
MALARIA_EST_MORTALITY,Estimated malaria mortality rate (per 100 000 population),https://www.who.int/data/gho/data/indicators/indicator-details/GHO/estimated-malaria-mortality-rate-per-100-000-population,2015,2015,2015,AFR,Africa,NGA,Nigeria,,,,88.66121306,88.66 [77.62-102.59],77.62335041,102.5940621
MALARIA_PF_INDIG,Number of indigenous P. falciparum malaria cases,https://www.who.int/data/gho/data/indicators/indicator-details/GHO/number-of-indigenous-p.-falciparum-malaria-cases,2015,2015,2015,AFR,Africa,NGA,Nigeria,,,,8068583.0,8 068 583,,
MALARIA_RDT_POS,Number of malaria positive cases by rapid diagnostic test (RDT),https://www.who.int/data/gho/data/indicators/indicator-details/GHO/number-of-malaria-positive-cases-by-rapid-diagnostic-test-rdt,2023,2023,2023,AFR,Africa,NGA,Nigeria,,,,21649680.0,21 649 680,,
MALARIA_PRES_CASES,Number of presumed malaria cases,https://www.who.int/data/gho/data/indicators/indicator-details/GHO/number-of-presumed-malaria-cases,2018,2018,2018,AFR,Africa,NGA,Nigeria,,,,5934356.0,5 934 356,,
MALARIA_EST_MORTALITY,Estimated malaria mortality rate (per 100 000 population),https://www.who.int/data/gho/data/indicators/indicator-details/GHO/estimated-malaria-mortality-rate-per-100-000-population,2001,2001,2001,AFR,Africa,NGA,Nigeria,,,,174.3334959,174.33 [164.40-184.65],164.3960308,184.6536347
MALARIA_PRES_CASES,Number of presumed malaria cases,https://www.who.int/data/gho/data/indicators/indicator-details/GHO/number-of-presumed-malaria-cases,2017,2017,2017,AFR,Africa,NGA,Nigeria,,,,7131390.0,7 131 390,,
MALARIA_EST_INCIDENCE,Estimated malaria incidence (per 1000 population at risk),https://www.who.int/data/gho/data/indicators/indicator-details/GHO/malaria-incidence-%28per-1-000-population-at-risk%29,2006,2006,2006,AFR,Africa,NGA,Nigeria,,,,398.5742219,398.57 [321.34-488.27],321.3379213,488.2678428
MALARIA_MICR_TEST,Number of malaria suspects examined by microscopy,https://www.who.int/data/gho/data/indicators/indicator-details/GHO/number-of-malaria-suspects-examined-by-microscopy,2021,2021,2021,AFR,Africa,NGA,Nigeria,,,,3405012.0,3 405 012,,
MALARIA_EST_INCIDENCE,Estimated malaria incidence (per 1000 population at risk),https://www.who.int/data/gho/data/indicators/indicator-details/GHO/malaria-incidence-%28per-1-000-population-at-risk%29,2003,2003,2003,AFR,Africa,NGA,Nigeria,,,,382.0879866,382.09 [298.42-484.07],298.4232616,484.0688728
MALARIA_EST_MORTALITY,Estimated malaria mortality rate (per 100 000 population),https://www.who.int/data/gho/data/indicators/indicator-details/GHO/estimated-malaria-mortality-rate-per-100-000-population,2009,2009,2009,AFR,Africa,NGA,Nigeria,,,,134.8335222,134.83 [125.03-145.20],125.0315614,145.1971017
MALARIA_EST_INCIDENCE,Estimated malaria incidence (per 1000 population at risk),https://www.who.int/data/gho/data/indicators/indicator-details/GHO/malaria-incidence-%28per-1-000-population-at-risk%29,2004,2004,2004,AFR,Africa,NGA,Nigeria,,,,390.1169701,390.12 [309.71-483.20],309.7066385,483.1967189
MALARIA_INDIG,Number of indigenous malaria cases,https://www.who.int/data/gho/data/indicators/indicator-details/GHO/number-of-indigenous-malaria-cases,2020,2020,2020,AFR,Africa,NGA,Nigeria,,,,18325240.0,18 325 240,,
MALARIA_PF_INDIG,Number of indigenous P. falciparum malaria cases,https://www.who.int/data/gho/data/indicators/indicator-details/GHO/number-of-indigenous-p.-falciparum-malaria-cases,2024,2024,2024,AFR,Africa,NGA,Nigeria,,,,22208760.0,22 208 760,,
MALARIA_EST_INCIDENCE,Estimated malaria incidence (per 1000 population at risk),https://www.who.int/data/gho/data/indicators/indicator-details/GHO/malaria-incidence-%28per-1-000-population-at-risk%29,2017,2017,2017,AFR,Africa,NGA,Nigeria,,,,288.9798255,288.98 [229.08-359.80],229.0768718,359.8038719
MALARIA_CONF_CASES,Number of confirmed malaria cases,https://www.who.int/data/gho/data/indicators/indicator-details/GHO/number-confirmed-malaria-cases,2015,2015,2015,AFR,Africa,NGA,Nigeria,,,,8068583.0,8 068 583,,
MALARIA_PF_INDIG,Number of indigenous P. falciparum malaria cases,https://www.who.int/data/gho/data/indicators/indicator-details/GHO/number-of-indigenous-p.-falciparum-malaria-cases,2018,2018,2018,AFR,Africa,NGA,Nigeria,,,,14548024.0,14 548 024,,
MALARIA_INDIG,Number of indigenous malaria cases,https://www.who.int/data/gho/data/indicators/indicator-details/GHO/number-of-indigenous-malaria-cases,2019,2019,2019,AFR,Africa,NGA,Nigeria,,,,19806915.0,19 806 915,,
MALARIA_MICR_TEST,Number of malaria suspects examined by microscopy,https://www.who.int/data/gho/data/indicators/indicator-details/GHO/number-of-malaria-suspects-examined-by-microscopy,2015,2015,2015,AFR,Africa,NGA,Nigeria,,,,839849.0,839 849,,
MALARIA_EST_MORTALITY,Estimated malaria mortality rate (per 100 000 population),https://www.who.int/data/gho/data/indicators/indicator-details/GHO/estimated-malaria-mortality-rate-per-100-000-population,2019,2019,2019,AFR,Africa,NGA,Nigeria,,,,86.66942476,86.67 [69.76-110.35],69.7550077,110.3481718
MALARIA_MICR_POS,Number of malaria positive cases by microscopy,https://www.who.int/data/gho/data/indicators/indicator-details/GHO/number-of-malaria-positive-cases-by-microscopy,2021,2021,2021,AFR,Africa,NGA,Nigeria,,,,2559742.0,2 559 742,,
MALARIA_EST_INCIDENCE,Estimated malaria incidence (per 1000 population at risk),https://www.who.int/data/gho/data/indicators/indicator-details/GHO/malaria-incidence-%28per-1-000-population-at-risk%29,2012,2012,2012,AFR,Africa,NGA,Nigeria,,,,316.2204182,316.22 [255.24-389.01],255.2395212,389.0072903
MALARIA_MICR_POS,Number of malaria positive cases by microscopy,https://www.who.int/data/gho/data/indicators/indicator-details/GHO/number-of-malaria-positive-cases-by-microscopy,2020,2020,2020,AFR,Africa,NGA,Nigeria,,,,2312163.0,2 312 163,,
MALARIA_INDIG,Number of indigenous malaria cases,https://www.who.int/data/gho/data/indicators/indicator-details/GHO/number-of-indigenous-malaria-cases,2015,2015,2015,AFR,Africa,NGA,Nigeria,,,,8068583.0,8 068 583,,
MALARIA_CONF_CASES,Number of confirmed malaria cases,https://www.who.int/data/gho/data/indicators/indicator-details/GHO/number-confirmed-malaria-cases,2019,2019,2019,AFR,Africa,NGA,Nigeria,,,,19806915.0,19 806 915,,
MALARIA_INDIG,Number of indigenous malaria cases,https://www.who.int/data/gho/data/indicators/indicator-details/GHO/number-of-indigenous-malaria-cases,2016,2016,2016,AFR,Africa,NGA,Nigeria,,,,13598282.0,13 598 282,,
MALARIA_MICR_POS,Number of malaria positive cases by microscopy,https://www.who.int/data/gho/data/indicators/indicator-details/GHO/number-of-malaria-positive-cases-by-microscopy,2023,2023,2023,AFR,Africa,NGA,Nigeria,,,,2448643.0,2 448 643,,
MALARIA_MICR_TEST,Number of malaria suspects examined by microscopy,https://www.who.int/data/gho/data/indicators/indicator-details/GHO/number-of-malaria-suspects-examined-by-microscopy,2023,2023,2023,AFR,Africa,NGA,Nigeria,,,,3200671.0,3 200 671,,
MALARIA_INDIG,Number of indigenous malaria cases,https://www.who.int/data/gho/data/indicators/indicator-details/GHO/number-of-indigenous-malaria-cases,2022,2022,2022,AFR,Africa,NGA,Nigeria,,,,23050405.0,23 050 405,,
MALARIA_PRES_CASES,Number of presumed malaria cases,https://www.who.int/data/gho/data/indicators/indicator-details/GHO/number-of-presumed-malaria-cases,2021,2021,2021,AFR,Africa,NGA,Nigeria,,,,2283611.0,2 283 611,,
MALARIA_PF_INDIG,Number of indigenous P. falciparum malaria cases,https://www.who.int/data/gho/data/indicators/indicator-details/GHO/number-of-indigenous-p.-falciparum-malaria-cases,2019,2019,2019,AFR,Africa,NGA,Nigeria,,,,19806915.0,19 806 915,,
MALARIA_TOTAL_CASES,Total number of  malaria cases (presumed + confirmed cases),https://www.who.int/data/gho/data/indicators/indicator-details/GHO/total-number-of-malaria-cases-presumed-confirmed-cases,2022,2022,2022,AFR,Africa,NGA,Nigeria,,,,24968466.0,24 968 466,,
MALARIA_EST_INCIDENCE,Estimated malaria incidence (per 1000 population at risk),https://www.who.int/data/gho/data/indicators/indicator-details/GHO/malaria-incidence-%28per-1-000-population-at-risk%29,2000,2000,2000,AFR,Africa,NGA,Nigeria,,,,401.7883996,401.79 [312.41-508.80],312.407753,508.7993269
MALARIA_MICR_POS,Number of malaria positive cases by microscopy,https://www.who.int/data/gho/data/indicators/indicator-details/GHO/number-of-malaria-positive-cases-by-microscopy,2019,2019,2019,AFR,Africa,NGA,Nigeria,,,,2476514.0,2 476 514,,
MALARIA_TOTAL_CASES,Total number of  malaria cases (presumed + confirmed cases),https://www.who.int/data/gho/data/indicators/indicator-details/GHO/total-number-of-malaria-cases-presumed-confirmed-cases,2018,2018,2018,AFR,Africa,NGA,Nigeria,,,,20482380.0,20 482 380,,
MALARIA_EST_MORTALITY,Estimated malaria mortality rate (per 100 000 population),https://www.who.int/data/gho/data/indicators/indicator-details/GHO/estimated-malaria-mortality-rate-per-100-000-population,2018,2018,2018,AFR,Africa,NGA,Nigeria,,,,88.36542453,88.37 [72.67-109.43],72.66601465,109.4323405
MALARIA_INDIG,Number of indigenous malaria cases,https://www.who.int/data/gho/data/indicators/indicator-details/GHO/number-of-indigenous-malaria-cases,2021,2021,2021,AFR,Africa,NGA,Nigeria,,,,21325186.0,21 325 186,,
MALARIA_RDT_POS,Number of malaria positive cases by rapid diagnostic test (RDT),https://www.who.int/data/gho/data/indicators/indicator-details/GHO/number-of-malaria-positive-cases-by-rapid-diagnostic-test-rdt,2018,2018,2018,AFR,Africa,NGA,Nigeria,,,,13524751.0,13 524 751,,
MALARIA_EST_INCIDENCE,Estimated malaria incidence (per 1000 population at risk),https://www.who.int/data/gho/data/indicators/indicator-details/GHO/malaria-incidence-%28per-1-000-population-at-risk%29,2021,2021,2021,AFR,Africa,NGA,Nigeria,,,,299.2711055,299.27 [217.44-407.25],217.4433874,407.2521096
MALARIA_EST_INCIDENCE,Estimated malaria incidence (per 1000 population at risk),https://www.who.int/data/gho/data/indicators/indicator-details/GHO/malaria-incidence-%28per-1-000-population-at-risk%29,2002,2002,2002,AFR,Africa,NGA,Nigeria,,,,381.7466329,381.75 [296.16-485.34],296.1644731,485.3366436
MALARIA_SUSPECTS,Number of suspected malaria cases,https://www.who.int/data/gho/data/indicators/indicator-details/GHO/number-of-suspected-malaria-cases,2024,2024,2024,AFR,Africa,NGA,Nigeria,,,,33349112.0,33 349 112,,
MALARIA_TOTAL_CASES,Total number of  malaria cases (presumed + confirmed cases),https://www.who.int/data/gho/data/indicators/indicator-details/GHO/total-number-of-malaria-cases-presumed-confirmed-cases,2023,2023,2023,AFR,Africa,NGA,Nigeria,,,,26411359.0,26 411 359,,
MALARIA_EST_INCIDENCE,Estimated malaria incidence (per 1000 population at risk),https://www.who.int/data/gho/data/indicators/indicator-details/GHO/malaria-incidence-%28per-1-000-population-at-risk%29,2014,2014,2014,AFR,Africa,NGA,Nigeria,,,,287.7049251,287.70 [230.31-354.64],230.3116421,354.644266
MALARIA_EST_MORTALITY,Estimated malaria mortality rate (per 100 000 population),https://www.who.int/data/gho/data/indicators/indicator-details/GHO/estimated-malaria-mortality-rate-per-100-000-population,2011,2011,2011,AFR,Africa,NGA,Nigeria,,,,107.2286335,107.23 [98.17-117.10],98.16743238,117.096786
MALARIA_RDT_POS,Number of malaria positive cases by rapid diagnostic test (RDT),https://www.who.int/data/gho/data/indicators/indicator-details/GHO/number-of-malaria-positive-cases-by-rapid-diagnostic-test-rdt,2020,2020,2020,AFR,Africa,NGA,Nigeria,,,,16013077.0,16 013 077,,
MALARIA_EST_INCIDENCE,Estimated malaria incidence (per 1000 population at risk),https://www.who.int/data/gho/data/indicators/indicator-details/GHO/malaria-incidence-%28per-1-000-population-at-risk%29,2015,2015,2015,AFR,Africa,NGA,Nigeria,,,,283.812818,283.81 [227.07-351.95],227.0686476,351.9548768
MALARIA_CONF_CASES,Number of confirmed malaria cases,https://www.who.int/data/gho/data/indicators/indicator-details/GHO/number-confirmed-malaria-cases,2016,2016,2016,AFR,Africa,NGA,Nigeria,,,,13598282.0,13 598 282,,
MALARIA_MICR_TEST,Number of malaria suspects examined by microscopy,https://www.who.int/data/gho/data/indicators/indicator-details/GHO/number-of-malaria-suspects-examined-by-microscopy,2019,2019,2019,AFR,Africa,NGA,Nigeria,,,,3298156.0,3 298 156,,
MALARIA_PRES_CASES,Number of presumed malaria cases,https://www.who.int/data/gho/data/indicators/indicator-details/GHO/number-of-presumed-malaria-cases,2019,2019,2019,AFR,Africa,NGA,Nigeria,,,,3569878.0,3 569 878,,
MALARIA_TOTAL_CASES,Total number of  malaria cases (presumed + confirmed cases),https://www.who.int/data/gho/data/indicators/indicator-details/GHO/total-number-of-malaria-cases-presumed-confirmed-cases,2016,2016,2016,AFR,Africa,NGA,Nigeria,,,,23956669.0,23 956 669,,
MALARIA_EST_INCIDENCE,Estimated malaria incidence (per 1000 population at risk),https://www.who.int/data/gho/data/indicators/indicator-details/GHO/malaria-incidence-%28per-1-000-population-at-risk%29,2008,2008,2008,AFR,Africa,NGA,Nigeria,,,,402.0148632,402.01 [328.56-486.99],328.5585303,486.985995
MALARIA_INDIG,Number of indigenous malaria cases,https://www.who.int/data/gho/data/indicators/indicator-details/GHO/number-of-indigenous-malaria-cases,2017,2017,2017,AFR,Africa,NGA,Nigeria,,,,13087878.0,13 087 878,,
MALARIA_EST_INCIDENCE,Estimated malaria incidence (per 1000 population at risk),https://www.who.int/data/gho/data/indicators/indicator-details/GHO/malaria-incidence-%28per-1-000-population-at-risk%29,2022,2022,2022,AFR,Africa,NGA,Nigeria,,,,298.9976008,299.00 [215.48-402.85],215.4783976,402.8461637
MALARIA_TOTAL_CASES,Total number of  malaria cases (presumed + confirmed cases),https://www.who.int/data/gho/data/indicators/indicator-details/GHO/total-number-of-malaria-cases-presumed-confirmed-cases,2017,2017,2017,AFR,Africa,NGA,Nigeria,,,,20219268.0,20 219 268,,
MALARIA_PRES_CASES,Number of presumed malaria cases,https://www.who.int/data/gho/data/indicators/indicator-details/GHO/number-of-presumed-malaria-cases,2024,2024,2024,AFR,Africa,NGA,Nigeria,,,,1364197.0,1 364 197,,
MALARIA_RDT_POS,Number of malaria positive cases by rapid diagnostic test (RDT),https://www.who.int/data/gho/data/indicators/indicator-details/GHO/number-of-malaria-positive-cases-by-rapid-diagnostic-test-rdt,2016,2016,2016,AFR,Africa,NGA,Nigeria,,,,12979919.0,12 979 919,,
MALARIA_RDT_POS,Number of malaria positive cases by rapid diagnostic test (RDT),https://www.who.int/data/gho/data/indicators/indicator-details/GHO/number-of-malaria-positive-cases-by-rapid-diagnostic-test-rdt,2021,2021,2021,AFR,Africa,NGA,Nigeria,,,,18765444.0,18 765 444,,
MALARIA_MICR_POS,Number of malaria positive cases by microscopy,https://www.who.int/data/gho/data/indicators/indicator-details/GHO/number-of-malaria-positive-cases-by-microscopy,2017,2017,2017,AFR,Africa,NGA,Nigeria,,,,749118.0,749 118,,
MALARIA_EST_MORTALITY,Estimated malaria mortality rate (per 100 000 population),https://www.who.int/data/gho/data/indicators/indicator-details/GHO/estimated-malaria-mortality-rate-per-100-000-population,2016,2016,2016,AFR,Africa,NGA,Nigeria,,,,87.91636671,87.92 [75.59-103.90],75.59096302,103.8989233
MALARIA_SUSPECTS,Number of suspected malaria cases,https://www.who.int/data/gho/data/indicators/indicator-details/GHO/number-of-suspected-malaria-cases,2019,2019,2019,AFR,Africa,NGA,Nigeria,,,,29489245.0,29 489 245,,
MALARIA_TOTAL_CASES,Total number of  malaria cases (presumed + confirmed cases),https://www.who.int/data/gho/data/indicators/indicator-details/GHO/total-number-of-malaria-cases-presumed-confirmed-cases,2019,2019,2019,AFR,Africa,NGA,Nigeria,,,,23376793.0,23 376 793,,
MALARIA_EST_MORTALITY,Estimated malaria mortality rate (per 100 000 population),https://www.who.int/data/gho/data/indicators/indicator-details/GHO/estimated-malaria-mortality-rate-per-100-000-population,2010,2010,2010,AFR,Africa,NGA,Nigeria,,,,119.5568596,119.56 [110.24-129.37],110.2447308,129.3665193
MALARIA_EST_MORTALITY,Estimated malaria mortality rate (per 100 000 population),https://www.who.int/data/gho/data/indicators/indicator-details/GHO/estimated-malaria-mortality-rate-per-100-000-population,2024,2024,2024,AFR,Africa,NGA,Nigeria,,,,79.47972137,79.48 [58.01-113.43],58.01006893,113.4252592
MALARIA_CONF_CASES,Number of confirmed malaria cases,https://www.who.int/data/gho/data/indicators/indicator-details/GHO/number-confirmed-malaria-cases,2024,2024,2024,AFR,Africa,NGA,Nigeria,,,,22683496.0,22 683 496,,
MALARIA_EST_INCIDENCE,Estimated malaria incidence (per 1000 population at risk),https://www.who.int/data/gho/data/indicators/indicator-details/GHO/malaria-incidence-%28per-1-000-population-at-risk%29,2024,2024,2024,AFR,Africa,NGA,Nigeria,,,,294.2517937,294.25 [211.03-397.36],211.0299542,397.3596962
MALARIA_PF_INDIG,Number of indigenous P. falciparum malaria cases,https://www.who.int/data/gho/data/indicators/indicator-details/GHO/number-of-indigenous-p.-falciparum-malaria-cases,2022,2022,2022,AFR,Africa,NGA,Nigeria,,,,23050405.0,23 050 405,,
MALARIA_PRES_CASES,Number of presumed malaria cases,https://www.who.int/data/gho/data/indicators/indicator-details/GHO/number-of-presumed-malaria-cases,2022,2022,2022,AFR,Africa,NGA,Nigeria,,,,1918061.0,1 918 061,,
MALARIA_MICR_TEST,Number of malaria suspects examined by microscopy,https://www.who.int/data/gho/data/indicators/indicator-details/GHO/number-of-malaria-suspects-examined-by-microscopy,2018,2018,2018,AFR,Africa,NGA,Nigeria,,,,1428731.0,1 428 731,,
MALARIA_SUSPECTS,Number of suspected malaria cases,https://www.who.int/data/gho/data/indicators/indicator-details/GHO/number-of-suspected-malaria-cases,2020,2020,2020,AFR,Africa,NGA,Nigeria,,,,27370935.0,27 370 935,,
MALARIA_EST_MORTALITY,Estimated malaria mortality rate (per 100 000 population),https://www.who.int/data/gho/data/indicators/indicator-details/GHO/estimated-malaria-mortality-rate-per-100-000-population,2012,2012,2012,AFR,Africa,NGA,Nigeria,,,,97.62280978,97.62 [88.71-107.73],88.70899345,107.7306627
MALARIA_MICR_TEST,Number of malaria suspects examined by microscopy,https://www.who.int/data/gho/data/indicators/indicator-details/GHO/number-of-malaria-suspects-examined-by-microscopy,2024,2024,2024,AFR,Africa,NGA,Nigeria,,,,2893563.0,2 893 563,,
MALARIA_SUSPECTS,Number of suspected malaria cases,https://www.who.int/data/gho/data/indicators/indicator-details/GHO/number-of-suspected-malaria-cases,2023,2023,2023,AFR,Africa,NGA,Nigeria,,,,35179110.0,35 179 110,,
MALARIA_MICR_TEST,Number of malaria suspects examined by microscopy,https://www.who.int/data/gho/data/indicators/indicator-details/GHO/number-of-malaria-suspects-examined-by-microscopy,2020,2020,2020,AFR,Africa,NGA,Nigeria,,,,3086039.0,3 086 039,,
MALARIA_EST_MORTALITY,Estimated malaria mortality rate (per 100 000 population),https://www.who.int/data/gho/data/indicators/indicator-details/GHO/estimated-malaria-mortality-rate-per-100-000-population,2021,2021,2021,AFR,Africa,NGA,Nigeria,,,,87.29310542,87.29 [67.02-118.09],67.02396859,118.0905908
MALARIA_EST_MORTALITY,Estimated malaria mortality rate (per 100 000 population),https://www.who.int/data/gho/data/indicators/indicator-details/GHO/estimated-malaria-mortality-rate-per-100-000-population,2006,2006,2006,AFR,Africa,NGA,Nigeria,,,,159.7144215,159.71 [149.50-170.32],149.5049553,170.3163015
MALARIA_EST_MORTALITY,Estimated malaria mortality rate (per 100 000 population),https://www.who.int/data/gho/data/indicators/indicator-details/GHO/estimated-malaria-mortality-rate-per-100-000-population,2013,2013,2013,AFR,Africa,NGA,Nigeria,,,,90.50953004,90.51 [81.53-101.10],81.52743944,101.0994549
MALARIA_EST_MORTALITY,Estimated malaria mortality rate (per 100 000 population),https://www.who.int/data/gho/data/indicators/indicator-details/GHO/estimated-malaria-mortality-rate-per-100-000-population,2004,2004,2004,AFR,Africa,NGA,Nigeria,,,,160.4521065,160.45 [150.77-170.58],150.7651567,170.5848864
MALARIA_PF_INDIG,Number of indigenous P. falciparum malaria cases,https://www.who.int/data/gho/data/indicators/indicator-details/GHO/number-of-indigenous-p.-falciparum-malaria-cases,2020,2020,2020,AFR,Africa,NGA,Nigeria,,,,18325240.0,18 325 240,,
MALARIA_EST_INCIDENCE,Estimated malaria incidence (per 1000 population at risk),https://www.who.int/data/gho/data/indicators/indicator-details/GHO/malaria-incidence-%28per-1-000-population-at-risk%29,2007,2007,2007,AFR,Africa,NGA,Nigeria,,,,400.6095535,400.61 [324.03-489.82],324.0281992,489.8163426
MALARIA_EST_MORTALITY,Estimated malaria mortality rate (per 100 000 population),https://www.who.int/data/gho/data/indicators/indicator-details/GHO/estimated-malaria-mortality-rate-per-100-000-population,2014,2014,2014,AFR,Africa,NGA,Nigeria,,,,89.23547763,89.24 [79.46-101.33],79.46057093,101.3276767
MALARIA_TOTAL_CASES,Total number of  malaria cases (presumed + confirmed cases),https://www.who.int/data/gho/data/indicators/indicator-details/GHO/total-number-of-malaria-cases-presumed-confirmed-cases,2020,2020,2020,AFR,Africa,NGA,Nigeria,,,,21580055.0,21 580 055,,
MALARIA_MICR_TEST,Number of malaria suspects examined by microscopy,https://www.who.int/data/gho/data/indicators/indicator-details/GHO/number-of-malaria-suspects-examined-by-microscopy,2017,2017,2017,AFR,Africa,NGA,Nigeria,,,,1055444.0,1 055 444,,
MALARIA_EST_MORTALITY,Estimated malaria mortality rate (per 100 000 population),https://www.who.int/data/gho/data/indicators/indicator-details/GHO/estimated-malaria-mortality-rate-per-100-000-population,2017,2017,2017,AFR,Africa,NGA,Nigeria,,,,88.47538057,88.48 [74.69-107.10],74.68583315,107.0977513
MALARIA_CONF_CASES,Number of confirmed malaria cases,https://www.who.int/data/gho/data/indicators/indicator-details/GHO/number-confirmed-malaria-cases,2020,2020,2020,AFR,Africa,NGA,Nigeria,,,,18325240.0,18 325 240,,
MALARIA_CONF_CASES,Number of confirmed malaria cases,https://www.who.int/data/gho/data/indicators/indicator-details/GHO/number-confirmed-malaria-cases,2022,2022,2022,AFR,Africa,NGA,Nigeria,,,,23050405.0,23 050 405,,
MALARIA_RDT_POS,Number of malaria positive cases by rapid diagnostic test (RDT),https://www.who.int/data/gho/data/indicators/indicator-details/GHO/number-of-malaria-positive-cases-by-rapid-diagnostic-test-rdt,2015,2015,2015,AFR,Africa,NGA,Nigeria,,,,7511712.0,7 511 712,,
MALARIA_MICR_POS,Number of malaria positive cases by microscopy,https://www.who.int/data/gho/data/indicators/indicator-details/GHO/number-of-malaria-positive-cases-by-microscopy,2016,2016,2016,AFR,Africa,NGA,Nigeria,,,,618363.0,618 363,,
MALARIA_MICR_POS,Number of malaria positive cases by microscopy,https://www.who.int/data/gho/data/indicators/indicator-details/GHO/number-of-malaria-positive-cases-by-microscopy,2018,2018,2018,AFR,Africa,NGA,Nigeria,,,,1023273.0,1 023 273,,
MALARIA_RDT_POS,Number of malaria positive cases by rapid diagnostic test (RDT),https://www.who.int/data/gho/data/indicators/indicator-details/GHO/number-of-malaria-positive-cases-by-rapid-diagnostic-test-rdt,2017,2017,2017,AFR,Africa,NGA,Nigeria,,,,12338760.0,12 338 760,,
MALARIA_INDIG,Number of indigenous malaria cases,https://www.who.int/data/gho/data/indicators/indicator-details/GHO/number-of-indigenous-malaria-cases,2018,2018,2018,AFR,Africa,NGA,Nigeria,,,,14548024.0,14 548 024,,
MALARIA_RDT_POS,Number of malaria positive cases by rapid diagnostic test (RDT),https://www.who.int/data/gho/data/indicators/indicator-details/GHO/number-of-malaria-positive-cases-by-rapid-diagnostic-test-rdt,2019,2019,2019,AFR,Africa,NGA,Nigeria,,,,17330401.0,17 330 401,,
MALARIA_EST_MORTALITY,Estimated malaria mortality rate (per 100 000 population),https://www.who.int/data/gho/data/indicators/indicator-details/GHO/estimated-malaria-mortality-rate-per-100-000-population,2020,2020,2020,AFR,Africa,NGA,Nigeria,,,,93.57970739,93.58 [71.90-125.65],71.89690222,125.6541349
MALARIA_EST_INCIDENCE,Estimated malaria incidence (per 1000 population at risk),https://www.who.int/data/gho/data/indicators/indicator-details/GHO/malaria-incidence-%28per-1-000-population-at-risk%29,2005,2005,2005,AFR,Africa,NGA,Nigeria,,,,395.897142,395.90 [318.82-487.01],318.8226207,487.0066284
MALARIA_PF_INDIG,Number of indigenous P. falciparum malaria cases,https://www.who.int/data/gho/data/indicators/indicator-details/GHO/number-of-indigenous-p.-falciparum-malaria-cases,2016,2016,2016,AFR,Africa,NGA,Nigeria,,,,13598282.0,13 598 282,,
MALARIA_SUSPECTS,Number of suspected malaria cases,https://www.who.int/data/gho/data/indicators/indicator-details/GHO/number-of-suspected-malaria-cases,2018,2018,2018,AFR,Africa,NGA,Nigeria,,,,25381459.0,25 381 459,,
MALARIA_CONF_CASES,Number of confirmed malaria cases,https://www.who.int/data/gho/data/indicators/indicator-details/GHO/number-confirmed-malaria-cases,2017,2017,2017,AFR,Africa,NGA,Nigeria,,,,13087878.0,13 087 878,,
MALARIA_EST_INCIDENCE,Estimated malaria incidence (per 1000 population at risk),https://www.who.int/data/gho/data/indicators/indicator-details/GHO/malaria-incidence-%28per-1-000-population-at-risk%29,2013,2013,2013,AFR,Africa,NGA,Nigeria,,,,297.8264948,297.83 [239.60-366.29],239.5965318,366.2851341
MALARIA_CONF_CASES,Number of confirmed malaria cases,https://www.who.int/data/gho/data/indicators/indicator-details/GHO/number-confirmed-malaria-cases,2021,2021,2021,AFR,Africa,NGA,Nigeria,,,,21325186.0,21 325 186,,
MALARIA_EST_INCIDENCE,Estimated malaria incidence (per 1000 population at risk),https://www.who.int/data/gho/data/indicators/indicator-details/GHO/malaria-incidence-%28per-1-000-population-at-risk%29,2001,2001,2001,AFR,Africa,NGA,Nigeria,,,,394.491681,394.49 [306.73-501.43],306.7339686,501.4309215
MALARIA_TOTAL_CASES,Total number of  malaria cases (presumed + confirmed cases),https://www.who.int/data/gho/data/indicators/indicator-details/GHO/total-number-of-malaria-cases-presumed-confirmed-cases,2024,2024,2024,AFR,Africa,NGA,Nigeria,,,,24047693.0,24 047 693,,
MALARIA_EST_MORTALITY,Estimated malaria mortality rate (per 100 000 population),https://www.who.int/data/gho/data/indicators/indicator-details/GHO/estimated-malaria-mortality-rate-per-100-000-population,2003,2003,2003,AFR,Africa,NGA,Nigeria,,,,149.9774305,149.98 [141.11-159.12],141.1101086,159.1223162
MALARIA_PF_INDIG,Number of indigenous P. falciparum malaria cases,https://www.who.int/data/gho/data/indicators/indicator-details/GHO/number-of-indigenous-p.-falciparum-malaria-cases,2021,2021,2021,AFR,Africa,NGA,Nigeria,,,,21325186.0,21 325 186,,
MALARIA_TOTAL_CASES,Total number of  malaria cases (presumed + confirmed cases),https://www.who.int/data/gho/data/indicators/indicator-details/GHO/total-number-of-malaria-cases-presumed-confirmed-cases,2021,2021,2021,AFR,Africa,NGA,Nigeria,,,,23608797.0,23 608 797,,
